,loss,theta0,theta1
0,0.14720959961414337,0.7059782147407532,0.6333693861961365
