,loss,theta0,theta1
0,0.0007594421040266752,0.7057744264602661,0.6905868053436279
