,loss,theta0,theta1
0,0.3251665532588959,0.6159782409667969,0.7233693599700928
1,0.26378655433654785,0.6534425020217896,0.6858146786689758
