,loss,theta0,theta1
0,0.0004281071887817234,0.5355232954025269,0.7336142063140869
