,loss,theta0,theta1
0,0.3193276822566986,0.6159782409667969,0.7233693599700928
1,0.2568889856338501,0.6554906964302063,0.6857290863990784
