,loss,theta0,theta1
0,0.321720689535141,0.7059782147407532,0.633369505405426
